Reference Type, Quantity, Reference, Value, Footprint, Datasheet, Part Number
"BT","1","BT1,","18650_Battery_Cell_1043","Battery:BatteryHolder_Keystone_1042_1x18650","https://www.digikey.com/product-detail/en/keystone-electronics/1043/36-1043-ND/2745669","36-1043-ND"
"C","4","C5,C6,C11,C10,","C_0.1uF","Capacitor_SMD:C_0603_1608Metric_Pad1.05x0.95mm_HandSolder","https://www.digikey.com/product-detail/en/tdk-corporation/C1608X8R1H104K080AB/445-8818-1-ND/3248223","C1608X8R1H104K080AB"
"C","6","C4,C2,C8,C7,C9,C12,","C_1uF","Capacitor_SMD:C_0603_1608Metric_Pad1.05x0.95mm_HandSolder","https://www.digikey.com/product-detail/en/tdk-corporation/CGA3E1X7R1C105M080AC/445-12540-1-ND/3954206","CGA3E1X7R1C105M080AC"
"C","2","C3,C1,","C_10uF","Capacitor_SMD:C_0603_1608Metric_Pad1.05x0.95mm_HandSolder","https://www.digikey.com/product-detail/en/samsung-electro-mechanics/CL10A106MP8NNNC/1276-1871-1-ND/3889957","CL10A106MP8NNNC"
"D","1","D6,","D_Schottky-BAT20JFILM","Diode_SMD:D_SOD-323_HandSoldering","https://www.digikey.com/product-detail/en/stmicroelectronics/BAT20JFILM/497-3381-1-ND/669138","BAT20JFILM"
"D","1","D1,","LED","LED_THT:LED_D3.0mm","http://www.mouser.com/ds/2/149/QED123-890063.pdf","QED123"
"D","3","D2,D4,D5,","LED-0603-G","LED_SMD:LED_0603_1608Metric_Pad1.05x0.95mm_HandSolder","https://www.digikey.com/product-detail/en/rohm-semiconductor/SML-D12M8WT86/511-1578-1-ND/1641810","SML-D12M8WT86"
"D","1","D3,","LED-GREEN-LTST-C191GKT","LED_SMD:LED_0603_1608Metric_Pad1.05x0.95mm_HandSolder","https://www.digikey.com/product-detail/en/lite-on-inc/LTST-C191GKT/160-1443-1-ND/386828","LTST-C191GKT"
"D","1","D7,","WS2812B","LED_SMD:LED_WS2812B_PLCC4_5.0x5.0mm_P3.2mm","https://cdn-shop.adafruit.com/datasheets/WS2812B.pdf"
"FACTORY","1","FACTORY1,","SW_PUSH","Button_Switch_SMD:SW_SPST_KMR2","http://www.mouser.com/ds/2/60/KMR2_9aug12-25127.pdf","KMR211NG LFS"
"J","1","J1,","Conn_02x08_Odd_Even","Connector_PinHeader_2.54mm:PinHeader_2x08_P2.54mm_Vertical",""
"LS","1","LS1,","speaker-CVS-1508","open-automation:speaker-1508","http://www.cui.com/product/resource/cvs-1508.pdf","CVS-1508"
"PROG","1","PROG1,","SW_PUSH","Button_Switch_SMD:SW_SPST_KMR2","http://www.mouser.com/ds/2/60/KMR2_9aug12-25127.pdf","KMR211NG LFS"
"Q","1","Q4,","PMOS-DMG3413L","Package_TO_SOT_SMD:SOT-23","https://www.digikey.com/product-detail/en/diodes-incorporated/DMG3413L-7/DMG3413L-7DICT-ND/5218387","DMG3413L-7"
"Q","1","Q1,","Q_NPN_BEC","Package_TO_SOT_SMD:SOT-23","http://www.onsemi.com/pub/Collateral/MMBT3904LT1-D.PDF","MMBT3904LT1GOSCT-ND"
"R","1","R5,","36","Resistor_SMD:R_0603_1608Metric_Pad1.05x0.95mm_HandSolder","http://www.yageo.com.tw/exep/pages/download/literatures/PYu-R_INT-thick_7.pdf","RC0603JR-0736RL"
"R","3","R7,R1,R11,","R_47.5","Resistor_SMD:R_0603_1608Metric_Pad1.05x0.95mm_HandSolder","https://www.digikey.com/product-detail/en/yageo/RC0603FR-0747R5L/311-47.5HRCT-ND/730201","RC0603FR-0747R5L"
"R","6","R3,R4,R10,R15,R16,R14,","R_1k","Resistor_SMD:R_0603_1608Metric_Pad1.05x0.95mm_HandSolder","https://www.digikey.com/product-detail/en/yageo/RC0603JR-071KL/311-1.0KGRCT-ND/729624","RC0603JR-071KL"
"R","1","R19,","R_2k","Resistor_SMD:R_0603_1608Metric_Pad1.05x0.95mm_HandSolder","https://www.digikey.com/product-detail/en/yageo/RC0603JR-072KL/311-2.0KGRCT-ND/729673","RC0603JR-072KL"
"R","4","R6,R2,R22,R26,","R_10k","Resistor_SMD:R_0603_1608Metric_Pad1.05x0.95mm_HandSolder","https://www.digikey.com/product-detail/en/yageo/RC0603JR-0710KL/311-10KGRCT-ND/729647","RC0603JR-0710KL"
"R","4","R9,R17,R18,R20,","R_100k","Resistor_SMD:R_0603_1608Metric_Pad1.05x0.95mm_HandSolder","https://www.digikey.com/product-detail/en/yageo/RC0603JR-07100KL/311-100KGRCT-ND/729645","RC0603JR-07100KL"
"REBOOT","1","REBOOT1,","SW_PUSH","Button_Switch_SMD:SW_SPST_KMR2","http://www.mouser.com/ds/2/60/KMR2_9aug12-25127.pdf","KMR211NG LFS"
"U","1","U9,","AP2112","Package_TO_SOT_SMD:SOT-23-5_HandSoldering","https://www.digikey.com/product-detail/en/diodes-incorporated/AP2112K-3.3TRG1/AP2112K-3.3TRG1DICT-ND/4505257","AP2112K-3.3TRG1"
"U","1","U10,","EKMC1601112","open-automation:EKMC1601112","https://www.digikey.com/products/en?keywords=EKMC1601112","EKMC1601112"
"U","1","U1,","ESP-WROOM-32","open-automation:ESP-WROOM-32","http://espressif.com/sites/default/files/documentation/esp-wroom-32_datasheet_en.pdf"
"U","1","U2,","IR-RX-TSOP34438","open-automation:TSOP75338TR","https://www.digikey.com/product-detail/en/vishay-semiconductor-opto-division/TSOP75338TR/TSOP75338CT-ND/6596741","TSOP75338TR"
"U","1","U5,","MAX98357AETE+T","open-automation:MAX98357A","https://www.digikey.com/product-detail/en/maxim-integrated/MAX98357AETE-T/MAX98357AETE-TCT-ND/7603777","MAX98357AETE+T"
"U","1","U4,","MCP73831T","Package_TO_SOT_SMD:SOT-23-5_HandSoldering","https://www.digikey.com/product-detail/en/microchip-technology/MCP73831T-2ACI-OT/MCP73831T-2ACI-OTCT-ND/1979802","MCP73831T-2ACI/OT"
"U","1","U6,","SI7020-A20","open-automation:SI7020-A20","https://www.digikey.com/product-detail/en/silicon-labs/SI7020-A20-GM1R/336-3596-1-ND/5823452","SI7020-A20-GM1R"
"U","1","U3,","SPH0645LM4H-B","open-automation:SPH0645LM4H-B","https://www.digikey.com/product-detail/en/knowles/SPH0645LM4H-B/423-1405-6-ND/5332436","SPH0645LM4H-B"
"U","1","U8,","TSL45315CL","open-automation:LIGHT-SENSOR-TSL45315CL","https://www.digikey.com/product-detail/en/ams/TSL45315CL/TSL45315-CLCT-ND/3095326","TSL45315CL"
"U","1","U12,","soft-button-4x","open-automation:soft-button-4",""
